{"au9999": {"最低价格": 364.1, "最高价格": 368.29, "卖出价格": 365, "收盘价格": 367.35, "开盘价格": 368.29, "涨跌价格": -3.149994, "最新价格": 364.2, "买入价格": 364.51, "市场状态": "on", "涨跌幅度": -0.85749114}, "agTplusD": {"最低价格": 4723, "最高价格": 4820, "卖出价格": 4750, "收盘价格": 4814, "开盘价格": 4810, "涨跌价格": -65, "最新价格": 4749, "买入价格": 4749, "市场状态": "on", "涨跌幅度": -1.3502285}}