{"au9999": {"最低价格": 369.6, "最高价格": 374, "卖出价格": 374, "收盘价格": 370.89, "开盘价格": 371.97, "涨跌价格": 2.9099731, "最新价格": 373.8, "买入价格": 371.6, "市场状态": "off", "涨跌幅度": 0.784592}, "agTplusD": {"最低价格": 4838, "最高价格": 4946, "卖出价格": 4942, "收盘价格": 4863, "开盘价格": 4871, "涨跌价格": 74, "最新价格": 4937, "买入价格": 4937, "市场状态": "off", "涨跌幅度": 1.5216944}}