{"au9999": {"最低价格": 276.99, "最高价格": 367.5, "卖出价格": 365.96, "收盘价格": 365.15, "开盘价格": 367, "涨跌价格": 0.6499939, "最新价格": 365.8, "买入价格": 365.7, "市场状态": "on", "涨跌幅度": 0.17800738}, "agTplusD": {"最低价格": 4776, "最高价格": 4808, "卖出价格": 4799, "收盘价格": 4832, "开盘价格": 4785, "涨跌价格": -33, "最新价格": 4799, "买入价格": 4798, "市场状态": "on", "涨跌幅度": -0.68294704}}