{"au9999": {"最低价格": 364.1, "最高价格": 368.29, "卖出价格": 366.4, "收盘价格": 367.35, "开盘价格": 368.29, "涨跌价格": -0.9500122, "最新价格": 366.4, "买入价格": 366.3, "市场状态": "off", "涨跌幅度": -0.25861228}, "agTplusD": {"最低价格": 4723, "最高价格": 4845, "卖出价格": 4808, "收盘价格": 4814, "开盘价格": 4810, "涨跌价格": -6, "最新价格": 4808, "买入价格": 4807, "市场状态": "off", "涨跌幅度": -0.12463648}}