{"au9999": {"最低价格": 366.65, "最高价格": 369.5, "卖出价格": 370, "收盘价格": 370.19, "开盘价格": 368, "涨跌价格": -3.0899963, "最新价格": 367.1, "买入价格": 367.21, "市场状态": "off", "涨跌幅度": -0.8347055}, "agTplusD": {"最低价格": 4817, "最高价格": 4869, "卖出价格": 4858, "收盘价格": 4882, "开盘价格": 4852, "涨跌价格": -24, "最新价格": 4858, "买入价格": 4856, "市场状态": "off", "涨跌幅度": -0.4916018}}